date,league_code,HomeTeam,AwayTeam,B365H,B365D,B365A,p_home_novig,p_draw_novig,p_away_novig,selected_side,p_favorite_novig,selected_side_price,FTHG,FTAG,selected_team,contract,settlement,loss_margin
2005-07-30,SC0,Motherwell,Celtic,7.5,4.0,1.44,0.12371134020618557,0.23195876288659795,0.6443298969072165,AWAY,0.6443298969072165,1.44,4,4,Celtic,SELECTED PARTICIPANT +0.5,PASS,0
2005-07-31,SC0,Rangers,Livingston,1.14,6.5,21.0,0.8132260947274352,0.14262734584450404,0.04414655942806076,HOME,0.8132260947274352,1.14,3,0,Rangers,SELECTED PARTICIPANT +0.5,PASS,-3
2005-08-05,D1,Bayern Munich,M'gladbach,1.3,5.0,9.5,0.7159005275056518,0.18613413715146948,0.09796533534287867,HOME,0.7159005275056518,1.3,3,0,Bayern Munich,SELECTED PARTICIPANT +0.5,PASS,-3
2005-08-06,SC0,Celtic,Dundee United,1.22,5.5,9.5,0.7406094968107724,0.16428065201984407,0.09510985116938339,HOME,0.7406094968107724,1.22,2,0,Celtic,SELECTED PARTICIPANT +0.5,PASS,-2
2005-08-07,F1,Lyon,Strasbourg,1.4,3.75,7.5,0.641025641025641,0.2393162393162393,0.11965811965811965,HOME,0.641025641025641,1.4,1,0,Lyon,SELECTED PARTICIPANT +0.5,PASS,-1
2005-08-12,N1,AZ Alkmaar,Sparta,1.36,4.0,7.0,0.6517690875232774,0.22160148975791435,0.1266294227188082,HOME,0.6517690875232774,1.36,3,0,AZ Alkmaar,SELECTED PARTICIPANT +0.5,PASS,-3
2005-08-13,SC0,Celtic,Falkirk,1.11,7.0,13.0,0.803886925795053,0.12747349823321558,0.06863957597173147,HOME,0.803886925795053,1.11,3,1,Celtic,SELECTED PARTICIPANT +0.5,PASS,-2
2005-08-14,E0,Wigan,Chelsea,10.0,4.5,1.33,0.09310103445593841,0.20689118767986311,0.7000077778641985,AWAY,0.7000077778641985,1.33,0,1,Chelsea,SELECTED PARTICIPANT +0.5,PASS,-1
2005-08-19,P1,Sp Lisbon,Belenenses,1.36,4.2,9.0,0.6780025828669823,0.21954369349978475,0.1024537236332329,HOME,0.6780025828669823,1.36,2,1,Sp Lisbon,SELECTED PARTICIPANT +0.5,PASS,-1
2005-08-20,B1,Club Brugge,Roeselare,1.16,6.0,10.0,0.7637474541751528,0.14765784114052952,0.08859470468431771,HOME,0.7637474541751528,1.16,1,0,Club Brugge,SELECTED PARTICIPANT +0.5,PASS,-1
2005-08-21,P1,Porto,Est Amadora,1.16,5.5,11.0,0.7596685082872929,0.16022099447513813,0.08011049723756906,HOME,0.7596685082872929,1.16,1,0,Porto,SELECTED PARTICIPANT +0.5,PASS,-1
2005-08-24,E0,Chelsea,West Brom,1.2,5.5,17.0,0.7759336099585062,0.16929460580912864,0.054771784232365145,HOME,0.7759336099585062,1.2,4,0,Chelsea,SELECTED PARTICIPANT +0.5,PASS,-4
2005-08-27,SC0,Rangers,Hibernian,1.2,5.5,11.0,0.7534246575342467,0.16438356164383564,0.08219178082191782,HOME,0.7534246575342467,1.2,0,3,Rangers,SELECTED PARTICIPANT +0.5,FAIL,3
2005-08-28,I1,Inter,Treviso,1.16,5.5,13.0,0.7691480206540449,0.16222030981067126,0.068631669535284,HOME,0.7691480206540449,1.16,3,0,Inter,SELECTED PARTICIPANT +0.5,PASS,-3
2005-09-10,E0,Chelsea,Sunderland,1.12,7.5,19.0,0.8276222557788362,0.12359159019630621,0.04878615402485771,HOME,0.8276222557788362,1.12,2,0,Chelsea,SELECTED PARTICIPANT +0.5,PASS,-2
2005-09-11,B1,Standard,Beveren,1.16,5.5,13.0,0.7691480206540449,0.16222030981067126,0.068631669535284,HOME,0.7691480206540449,1.16,1,3,Standard,SELECTED PARTICIPANT +0.5,FAIL,2
2005-09-17,I1,Inter,Lecce,1.22,5.5,13.0,0.7600722865950887,0.1685978526629106,0.07132986074200064,HOME,0.7600722865950887,1.22,3,0,Inter,SELECTED PARTICIPANT +0.5,PASS,-3
2005-09-18,I1,Juventus,Ascoli,1.16,6.5,15.0,0.7963083959490362,0.14211042143090494,0.0615811826200588,HOME,0.7963083959490362,1.16,2,1,Juventus,SELECTED PARTICIPANT +0.5,PASS,-1
2005-09-19,E0,Arsenal,Everton,1.4,4.0,9.0,0.6642066420664207,0.23247232472324725,0.1033210332103321,HOME,0.6642066420664207,1.4,2,0,Arsenal,SELECTED PARTICIPANT +0.5,PASS,-2
2005-09-20,D1,Ein Frankfurt,Bayern Munich,7.0,3.75,1.5,0.13274336283185842,0.24778761061946902,0.6194690265486725,AWAY,0.6194690265486725,1.5,0,1,Bayern Munich,SELECTED PARTICIPANT +0.5,PASS,-1
2005-09-21,B1,Anderlecht,Roeselare,1.14,6.0,12.0,0.7782101167315175,0.1478599221789883,0.07392996108949415,HOME,0.7782101167315175,1.14,5,1,Anderlecht,SELECTED PARTICIPANT +0.5,PASS,-4
2005-09-22,SP1,Real Madrid,Ath Bilbao,1.44,4.0,7.5,0.6443298969072165,0.23195876288659795,0.12371134020618557,HOME,0.6443298969072165,1.44,3,1,Real Madrid,SELECTED PARTICIPANT +0.5,PASS,-2
2005-09-24,SC0,Celtic,Inverness C,1.16,6.0,13.0,0.7796881247501001,0.15073970411835266,0.06957217113154739,HOME,0.7796881247501001,1.16,2,1,Celtic,SELECTED PARTICIPANT +0.5,PASS,-1
2005-09-25,P1,Sp Lisbon,Setubal,1.3,4.33,8.0,0.6836527265191734,0.20525370542146085,0.11109356805936568,HOME,0.6836527265191734,1.3,1,0,Sp Lisbon,SELECTED PARTICIPANT +0.5,PASS,-1
2005-10-01,SC0,Rangers,Dunfermline,1.16,6.0,13.0,0.7796881247501001,0.15073970411835266,0.06957217113154739,HOME,0.7796881247501001,1.16,5,1,Rangers,SELECTED PARTICIPANT +0.5,PASS,-4
2005-10-02,I1,Milan,Reggina,1.2,5.5,17.0,0.7759336099585062,0.16929460580912864,0.054771784232365145,HOME,0.7759336099585062,1.2,2,1,Milan,SELECTED PARTICIPANT +0.5,PASS,-1
2005-10-03,P1,Benfica,Guimaraes,1.4,3.75,7.5,0.641025641025641,0.2393162393162393,0.11965811965811965,HOME,0.641025641025641,1.4,2,1,Benfica,SELECTED PARTICIPANT +0.5,PASS,-1
2005-10-04,P1,Sp Braga,Naval,1.44,3.75,6.5,0.6228440015331544,0.23917209658873131,0.1379839018781142,HOME,0.6228440015331544,1.44,1,0,Sp Braga,SELECTED PARTICIPANT +0.5,PASS,-1
2005-10-15,I1,Juventus,Messina,1.16,5.5,13.0,0.7691480206540449,0.16222030981067126,0.068631669535284,HOME,0.7691480206540449,1.16,1,0,Juventus,SELECTED PARTICIPANT +0.5,PASS,-1
2005-10-16,I1,Inter,Livorno,1.25,5.0,9.0,0.72,0.18,0.09999999999999999,HOME,0.72,1.25,5,0,Inter,SELECTED PARTICIPANT +0.5,PASS,-5
2005-10-21,B1,Standard,Charleroi,1.36,4.0,7.5,0.6573181419807186,0.22348816827344434,0.11919368974583698,HOME,0.6573181419807186,1.36,1,0,Standard,SELECTED PARTICIPANT +0.5,PASS,-1
2005-10-22,D1,Bayern Munich,Duisburg,1.16,6.5,15.0,0.7963083959490362,0.14211042143090494,0.0615811826200588,HOME,0.7963083959490362,1.16,4,0,Bayern Munich,SELECTED PARTICIPANT +0.5,PASS,-4
2005-10-23,SC0,Kilmarnock,Celtic,9.5,4.5,1.33,0.09752321981424149,0.20588235294117646,0.6965944272445821,AWAY,0.6965944272445821,1.33,0,1,Celtic,SELECTED PARTICIPANT +0.5,PASS,-1
2005-10-26,SC0,Celtic,Motherwell,1.2,5.5,10.0,0.7472826086956521,0.16304347826086957,0.08967391304347826,HOME,0.7472826086956521,1.2,5,0,Celtic,SELECTED PARTICIPANT +0.5,PASS,-5
2005-10-28,N1,Ajax,Heerenveen,1.4,4.33,7.5,0.6622550319146767,0.21412402879458367,0.12362093929073965,HOME,0.6622550319146767,1.4,0,0,Ajax,SELECTED PARTICIPANT +0.5,PASS,0
2005-10-29,E0,Chelsea,Blackburn,1.22,5.5,13.0,0.7600722865950887,0.1685978526629106,0.07132986074200064,HOME,0.7600722865950887,1.22,4,2,Chelsea,SELECTED PARTICIPANT +0.5,PASS,-2
2005-10-30,SP1,Barcelona,Sociedad,1.33,4.33,7.5,0.6736308026111361,0.20691200172582241,0.11945719566304147,HOME,0.6736308026111361,1.33,5,0,Barcelona,SELECTED PARTICIPANT +0.5,PASS,-5
2005-11-04,P1,Sp Lisbon,Leiria,1.44,3.75,6.5,0.6228440015331544,0.23917209658873131,0.1379839018781142,HOME,0.6228440015331544,1.44,2,1,Sp Lisbon,SELECTED PARTICIPANT +0.5,PASS,-1
2005-11-05,E0,Arsenal,Sunderland,1.2,6.0,13.0,0.7738095238095238,0.15476190476190477,0.07142857142857144,HOME,0.7738095238095238,1.2,3,1,Arsenal,SELECTED PARTICIPANT +0.5,PASS,-2
2005-11-06,SC0,Falkirk,Celtic,11.0,5.5,1.25,0.0847457627118644,0.1694915254237288,0.7457627118644068,AWAY,0.7457627118644068,1.25,0,3,Celtic,SELECTED PARTICIPANT +0.5,PASS,-3
2005-11-19,B1,Club Brugge,Louvieroise,1.22,5.0,10.0,0.7320644216691069,0.17862371888726208,0.08931185944363104,HOME,0.7320644216691069,1.22,4,0,Club Brugge,SELECTED PARTICIPANT +0.5,PASS,-4
2005-11-20,I1,Inter,Parma,1.28,4.33,9.5,0.6991301451117825,0.20667126691526133,0.09419858797295595,HOME,0.6991301451117825,1.28,2,0,Inter,SELECTED PARTICIPANT +0.5,PASS,-2
2005-11-26,SC0,Celtic,Dunfermline,1.1,7.5,17.0,0.8255098737455486,0.12107478148268047,0.0534153447717708,HOME,0.8255098737455486,1.1,0,1,Celtic,SELECTED PARTICIPANT +0.5,FAIL,1
2005-11-27,I1,Juventus,Treviso,1.14,6.5,21.0,0.8132260947274352,0.14262734584450404,0.04414655942806076,HOME,0.8132260947274352,1.14,3,1,Juventus,SELECTED PARTICIPANT +0.5,PASS,-2
2005-11-30,E0,Sunderland,Liverpool,7.0,3.75,1.5,0.13274336283185842,0.24778761061946902,0.6194690265486725,AWAY,0.6194690265486725,1.5,0,2,Liverpool,SELECTED PARTICIPANT +0.5,PASS,-2
2005-12-02,B1,Anderlecht,Gent,1.33,4.33,7.5,0.6736308026111361,0.20691200172582241,0.11945719566304147,HOME,0.6736308026111361,1.33,3,0,Anderlecht,SELECTED PARTICIPANT +0.5,PASS,-3
2005-12-03,E0,Man United,Portsmouth,1.2,5.5,17.0,0.7759336099585062,0.16929460580912864,0.054771784232365145,HOME,0.7759336099585062,1.2,3,0,Man United,SELECTED PARTICIPANT +0.5,PASS,-3
2005-12-04,P1,Boavista,Penafiel,1.4,4.0,6.5,0.6388206388206388,0.22358722358722358,0.1375921375921376,HOME,0.6388206388206388,1.4,2,1,Boavista,SELECTED PARTICIPANT +0.5,PASS,-1
2005-12-09,P1,Sp Lisbon,Est Amadora,1.28,4.33,9.5,0.6991301451117825,0.20667126691526133,0.09419858797295595,HOME,0.6991301451117825,1.28,0,1,Sp Lisbon,SELECTED PARTICIPANT +0.5,FAIL,1
2005-12-10,E0,Chelsea,Wigan,1.2,5.5,17.0,0.7759336099585062,0.16929460580912864,0.054771784232365145,HOME,0.7759336099585062,1.2,1,0,Chelsea,SELECTED PARTICIPANT +0.5,PASS,-1
2005-12-11,D1,Bayern Munich,Kaiserslautern,1.14,7.0,17.0,0.8130636786007106,0.13241322765783,0.054523093741459416,HOME,0.8130636786007106,1.14,2,1,Bayern Munich,SELECTED PARTICIPANT +0.5,PASS,-1
2005-12-12,E0,Tottenham,Portsmouth,1.44,4.0,7.5,0.6443298969072165,0.23195876288659795,0.12371134020618557,HOME,0.6443298969072165,1.44,3,1,Tottenham,SELECTED PARTICIPANT +0.5,PASS,-2
2005-12-14,E0,Man United,Wigan,1.3,4.5,11.0,0.7106963388370423,0.20531227566403445,0.0839913854989232,HOME,0.7106963388370423,1.3,4,0,Man United,SELECTED PARTICIPANT +0.5,PASS,-4
2005-12-16,F1,Lyon,Lille,1.5,3.4,8.0,0.6139954853273137,0.2708803611738149,0.11512415349887134,HOME,0.6139954853273137,1.5,1,3,Lyon,SELECTED PARTICIPANT +0.5,FAIL,2
2005-12-17,N1,PSV Eindhoven,Willem II,1.16,6.5,15.0,0.7963083959490362,0.14211042143090494,0.0615811826200588,HOME,0.7963083959490362,1.16,4,1,PSV Eindhoven,SELECTED PARTICIPANT +0.5,PASS,-3
2005-12-18,I1,Milan,Messina,1.2,5.8,15.0,0.7770632368703109,0.1607717041800643,0.06216505894962486,HOME,0.7770632368703109,1.2,4,0,Milan,SELECTED PARTICIPANT +0.5,PASS,-4
2005-12-20,SP1,Barcelona,Celta,1.22,5.5,13.0,0.7600722865950887,0.1685978526629106,0.07132986074200064,HOME,0.7600722865950887,1.22,2,0,Barcelona,SELECTED PARTICIPANT +0.5,PASS,-2
2005-12-21,I1,Juventus,Siena,1.16,6.0,19.0,0.7972027972027973,0.1541258741258741,0.04867132867132867,HOME,0.7972027972027973,1.16,2,0,Juventus,SELECTED PARTICIPANT +0.5,PASS,-2
2005-12-26,SC0,Celtic,Livingston,1.1,7.5,17.0,0.8255098737455486,0.12107478148268047,0.0534153447717708,HOME,0.8255098737455486,1.1,2,1,Celtic,SELECTED PARTICIPANT +0.5,PASS,-1
2005-12-27,N1,Ajax,Groningen,1.4,3.75,7.5,0.641025641025641,0.2393162393162393,0.11965811965811965,HOME,0.641025641025641,1.4,3,2,Ajax,SELECTED PARTICIPANT +0.5,PASS,-1
2005-12-28,E0,Arsenal,Portsmouth,1.22,5.5,13.0,0.7600722865950887,0.1685978526629106,0.07132986074200064,HOME,0.7600722865950887,1.22,4,0,Arsenal,SELECTED PARTICIPANT +0.5,PASS,-4
2005-12-29,N1,PSV Eindhoven,Twente,1.16,6.0,19.0,0.7972027972027973,0.1541258741258741,0.04867132867132867,HOME,0.7972027972027973,1.16,1,1,PSV Eindhoven,SELECTED PARTICIPANT +0.5,PASS,0
2005-12-31,E0,Chelsea,Birmingham,1.14,7.0,17.0,0.8130636786007106,0.13241322765783,0.054523093741459416,HOME,0.8130636786007106,1.14,2,0,Chelsea,SELECTED PARTICIPANT +0.5,PASS,-2
2006-01-02,E0,West Ham,Chelsea,9.0,4.0,1.4,0.1033210332103321,0.23247232472324725,0.6642066420664207,AWAY,0.6642066420664207,1.4,1,3,Chelsea,SELECTED PARTICIPANT +0.5,PASS,-2
2006-01-07,SP1,Espanol,Barcelona,7.5,4.0,1.44,0.12371134020618557,0.23195876288659795,0.6443298969072165,AWAY,0.6443298969072165,1.44,1,2,Barcelona,SELECTED PARTICIPANT +0.5,PASS,-1
2006-01-08,I1,Milan,Parma,1.18,6.0,15.0,0.7841087297438578,0.1542080501829587,0.06168322007318348,HOME,0.7841087297438578,1.18,4,3,Milan,SELECTED PARTICIPANT +0.5,PASS,-1
2006-01-11,F1,Monaco,Strasbourg,1.4,3.75,7.0,0.635593220338983,0.23728813559322035,0.1271186440677966,HOME,0.635593220338983,1.4,1,1,Monaco,SELECTED PARTICIPANT +0.5,PASS,0
2006-01-14,SC0,Celtic,Kilmarnock,1.25,5.5,10.0,0.7394957983193277,0.1680672268907563,0.09243697478991596,HOME,0.7394957983193277,1.25,4,2,Celtic,SELECTED PARTICIPANT +0.5,PASS,-2
2006-01-15,I1,Juventus,Reggina,1.16,6.0,19.0,0.7972027972027973,0.1541258741258741,0.04867132867132867,HOME,0.7972027972027973,1.16,1,0,Juventus,SELECTED PARTICIPANT +0.5,PASS,-1
2006-01-18,I1,Milan,Ascoli,1.16,5.5,13.0,0.7691480206540449,0.16222030981067126,0.068631669535284,HOME,0.7691480206540449,1.16,1,0,Milan,SELECTED PARTICIPANT +0.5,PASS,-1
2006-01-20,N1,PSV Eindhoven,Waalwijk,1.2,5.5,11.0,0.7534246575342467,0.16438356164383564,0.08219178082191782,HOME,0.7534246575342467,1.2,2,0,PSV Eindhoven,SELECTED PARTICIPANT +0.5,PASS,-2
2006-01-21,SC0,Rangers,Livingston,1.14,6.5,13.0,0.7917174177831914,0.13885505481120586,0.06942752740560293,HOME,0.7917174177831914,1.14,4,1,Rangers,SELECTED PARTICIPANT +0.5,PASS,-3
2006-01-22,I1,Juventus,Empoli,1.14,6.5,21.0,0.8132260947274352,0.14262734584450404,0.04414655942806076,HOME,0.8132260947274352,1.14,2,1,Juventus,SELECTED PARTICIPANT +0.5,PASS,-1
2006-01-28,SC0,Celtic,Dundee United,1.16,6.5,15.0,0.7963083959490362,0.14211042143090494,0.0615811826200588,HOME,0.7963083959490362,1.16,3,3,Celtic,SELECTED PARTICIPANT +0.5,PASS,0
2006-01-29,N1,Den Haag,PSV Eindhoven,7.5,4.0,1.36,0.11919368974583698,0.22348816827344434,0.6573181419807186,AWAY,0.6573181419807186,1.36,0,2,PSV Eindhoven,SELECTED PARTICIPANT +0.5,PASS,-2
2006-02-01,E0,Liverpool,Birmingham,1.3,4.5,12.0,0.7157057654075546,0.20675944333996024,0.0775347912524851,HOME,0.7157057654075546,1.3,1,1,Liverpool,SELECTED PARTICIPANT +0.5,PASS,0
2006-02-03,B1,Club Brugge,Lierse,1.16,5.5,12.0,0.7647740440324451,0.16129779837775204,0.073928157589803,HOME,0.7647740440324451,1.16,3,1,Club Brugge,SELECTED PARTICIPANT +0.5,PASS,-2
2006-02-04,N1,PSV Eindhoven,Roda JC,1.25,5.0,9.0,0.72,0.18,0.09999999999999999,HOME,0.72,1.25,3,2,PSV Eindhoven,SELECTED PARTICIPANT +0.5,PASS,-1
2006-02-05,I1,Juventus,Udinese,1.25,5.0,13.0,0.7428571428571429,0.18571428571428572,0.07142857142857144,HOME,0.7428571428571429,1.25,1,0,Juventus,SELECTED PARTICIPANT +0.5,PASS,-1
2006-02-07,N1,Roosendaal,AZ Alkmaar,8.0,5.0,1.25,0.1111111111111111,0.17777777777777778,0.7111111111111111,AWAY,0.7111111111111111,1.25,0,5,AZ Alkmaar,SELECTED PARTICIPANT +0.5,PASS,-5
2006-02-08,I1,Milan,Treviso,1.16,6.0,19.0,0.7972027972027973,0.1541258741258741,0.04867132867132867,HOME,0.7972027972027973,1.16,5,0,Milan,SELECTED PARTICIPANT +0.5,PASS,-5
2006-02-11,N1,PSV Eindhoven,Heracles,1.16,6.0,11.0,0.7699486700886609,0.14885674288380774,0.0811945870275315,HOME,0.7699486700886609,1.16,1,0,PSV Eindhoven,SELECTED PARTICIPANT +0.5,PASS,-1
2006-02-12,D1,Bayern Munich,Nurnberg,1.2,5.5,17.0,0.7759336099585062,0.16929460580912864,0.054771784232365145,HOME,0.7759336099585062,1.2,2,1,Bayern Munich,SELECTED PARTICIPANT +0.5,PASS,-1
2006-02-15,E0,Blackburn,Sunderland,1.5,3.75,7.0,0.6194690265486725,0.24778761061946902,0.13274336283185842,HOME,0.6194690265486725,1.5,2,0,Blackburn,SELECTED PARTICIPANT +0.5,PASS,-2
2006-02-17,B1,Anderlecht,FC Brussels,1.28,4.2,10.0,0.697952672161659,0.21270938580164847,0.08933794203669236,HOME,0.697952672161659,1.28,2,0,Anderlecht,SELECTED PARTICIPANT +0.5,PASS,-2
2006-02-18,I1,Milan,Cagliari,1.22,5.5,13.0,0.7600722865950887,0.1685978526629106,0.07132986074200064,HOME,0.7600722865950887,1.22,1,0,Milan,SELECTED PARTICIPANT +0.5,PASS,-1
2006-02-19,N1,Ajax,Roosendaal,1.12,6.5,15.0,0.8019411087349894,0.1381806218127982,0.05987826945221254,HOME,0.8019411087349894,1.12,6,0,Ajax,SELECTED PARTICIPANT +0.5,PASS,-6
2006-02-22,B1,Standard,Louvieroise,1.25,5.0,8.0,0.7111111111111111,0.17777777777777778,0.1111111111111111,HOME,0.7111111111111111,1.25,1,1,Standard,SELECTED PARTICIPANT +0.5,PASS,0
2006-02-25,E0,Chelsea,Portsmouth,1.14,7.0,17.0,0.8130636786007106,0.13241322765783,0.054523093741459416,HOME,0.8130636786007106,1.14,2,0,Chelsea,SELECTED PARTICIPANT +0.5,PASS,-2
2006-02-26,I1,Juventus,Lecce,1.16,6.5,15.0,0.7963083959490362,0.14211042143090494,0.0615811826200588,HOME,0.7963083959490362,1.16,3,1,Juventus,SELECTED PARTICIPANT +0.5,PASS,-2
2006-03-04,I1,Milan,Empoli,1.2,5.5,17.0,0.7759336099585062,0.16929460580912864,0.054771784232365145,HOME,0.7759336099585062,1.2,3,0,Milan,SELECTED PARTICIPANT +0.5,PASS,-3
2006-03-05,B1,Anderlecht,Lierse,1.2,5.0,11.0,0.7412398921832885,0.17789757412398924,0.08086253369272237,HOME,0.7412398921832885,1.2,3,0,Anderlecht,SELECTED PARTICIPANT +0.5,PASS,-3
2006-03-11,F1,Lyon,Metz,1.28,4.33,9.5,0.6991301451117825,0.20667126691526133,0.09419858797295595,HOME,0.6991301451117825,1.28,4,0,Lyon,SELECTED PARTICIPANT +0.5,PASS,-4
2006-03-12,N1,Feyenoord,Waalwijk,1.2,5.5,10.0,0.7472826086956521,0.16304347826086957,0.08967391304347826,HOME,0.7472826086956521,1.2,1,1,Feyenoord,SELECTED PARTICIPANT +0.5,PASS,0
2006-03-15,E0,Liverpool,Fulham,1.36,4.33,9.0,0.6825012084317008,0.21436527562750882,0.10313351594079034,HOME,0.6825012084317008,1.36,5,1,Liverpool,SELECTED PARTICIPANT +0.5,PASS,-4
2006-03-18,B1,Anderlecht,Beveren,1.2,5.5,9.5,0.7437722419928827,0.1622775800711744,0.09395017793594307,HOME,0.7437722419928827,1.2,4,0,Anderlecht,SELECTED PARTICIPANT +0.5,PASS,-4
2006-03-19,SP1,Real Madrid,Betis,1.33,4.5,9.5,0.6965944272445821,0.20588235294117646,0.09752321981424149,HOME,0.6965944272445821,1.33,0,0,Real Madrid,SELECTED PARTICIPANT +0.5,PASS,0
2006-03-21,SP1,Barcelona,Getafe,1.25,5.0,13.0,0.7428571428571429,0.18571428571428572,0.07142857142857144,HOME,0.7428571428571429,1.25,3,1,Barcelona,SELECTED PARTICIPANT +0.5,PASS,-2
2006-03-22,SC0,Celtic,Inverness C,1.14,7.0,17.0,0.8130636786007106,0.13241322765783,0.054523093741459416,HOME,0.8130636786007106,1.14,2,1,Celtic,SELECTED PARTICIPANT +0.5,PASS,-1
2006-03-25,SC0,Rangers,Dunfermline,1.14,6.5,12.0,0.7871631849833486,0.13805631244323344,0.0747805025734181,HOME,0.7871631849833486,1.14,1,0,Rangers,SELECTED PARTICIPANT +0.5,PASS,-1
2006-03-26,P1,Sp Lisbon,Penafiel,1.12,6.5,13.0,0.7946210268948656,0.136919315403423,0.0684596577017115,HOME,0.7946210268948656,1.12,2,0,Sp Lisbon,SELECTED PARTICIPANT +0.5,PASS,-2
2006-03-27,E0,Tottenham,West Brom,1.44,4.0,7.5,0.6443298969072165,0.23195876288659795,0.12371134020618557,HOME,0.6443298969072165,1.44,2,1,Tottenham,SELECTED PARTICIPANT +0.5,PASS,-1
2006-03-29,E0,Man United,West Ham,1.28,5.5,8.5,0.722900881397866,0.168238750579867,0.10886036802226688,HOME,0.722900881397866,1.28,1,0,Man United,SELECTED PARTICIPANT +0.5,PASS,-1
2006-03-31,B1,Anderlecht,Lokeren,1.25,5.0,9.0,0.72,0.18,0.09999999999999999,HOME,0.72,1.25,1,1,Anderlecht,SELECTED PARTICIPANT +0.5,PASS,0
2006-04-01,N1,Roosendaal,PSV Eindhoven,12.0,7.0,1.12,0.07446808510638298,0.1276595744680851,0.7978723404255318,AWAY,0.7978723404255318,1.12,1,2,PSV Eindhoven,SELECTED PARTICIPANT +0.5,PASS,-1
2006-04-02,P1,Porto,Gil Vicente,1.16,6.0,11.0,0.7699486700886609,0.14885674288380774,0.0811945870275315,HOME,0.7699486700886609,1.16,3,0,Porto,SELECTED PARTICIPANT +0.5,PASS,-3
2006-04-04,N1,AZ Alkmaar,NAC Breda,1.33,4.33,7.5,0.6736308026111361,0.20691200172582241,0.11945719566304147,HOME,0.6736308026111361,1.33,3,2,AZ Alkmaar,SELECTED PARTICIPANT +0.5,PASS,-1
2006-04-05,SC0,Celtic,Hearts,1.53,3.8,6.0,0.6032703603746626,0.24289569772979833,0.15383394189553895,HOME,0.6032703603746626,1.53,1,0,Celtic,SELECTED PARTICIPANT +0.5,PASS,-1
2006-04-08,SC0,Hearts,Dunfermline,1.2,5.0,12.0,0.746268656716418,0.17910447761194032,0.07462686567164178,HOME,0.746268656716418,1.2,4,0,Hearts,SELECTED PARTICIPANT +0.5,PASS,-4
2006-04-09,E0,Chelsea,West Ham,1.25,5.5,13.0,0.7556142668428005,0.17173051519154556,0.0726552179656539,HOME,0.7556142668428005,1.25,4,1,Chelsea,SELECTED PARTICIPANT +0.5,PASS,-3
2006-04-12,N1,Ajax,Vitesse,1.36,4.0,7.0,0.6517690875232774,0.22160148975791435,0.1266294227188082,HOME,0.6517690875232774,1.36,2,1,Ajax,SELECTED PARTICIPANT +0.5,PASS,-1
2006-04-14,E0,Man United,Sunderland,1.1,8.0,26.0,0.8475957620211897,0.11654441727791359,0.035859820700896494,HOME,0.8475957620211897,1.1,0,0,Man United,SELECTED PARTICIPANT +0.5,PASS,0
2006-04-15,D1,Bayern Munich,Bielefeld,1.22,5.5,13.0,0.7600722865950887,0.1685978526629106,0.07132986074200064,HOME,0.7600722865950887,1.22,2,0,Bayern Munich,SELECTED PARTICIPANT +0.5,PASS,-2
2006-04-16,N1,Feyenoord,Roosendaal,1.1,7.5,13.0,0.812161599333611,0.11911703456892961,0.0687213660974594,HOME,0.812161599333611,1.1,2,0,Feyenoord,SELECTED PARTICIPANT +0.5,PASS,-2
2006-04-17,E0,Chelsea,Everton,1.2,5.5,11.0,0.7534246575342467,0.16438356164383564,0.08219178082191782,HOME,0.7534246575342467,1.2,3,0,Chelsea,SELECTED PARTICIPANT +0.5,PASS,-3
2006-04-22,I1,Fiorentina,Empoli,1.25,5.0,8.0,0.7111111111111111,0.17777777777777778,0.1111111111111111,HOME,0.7111111111111111,1.25,2,1,Fiorentina,SELECTED PARTICIPANT +0.5,PASS,-1
2006-04-23,SP1,Real Madrid,Malaga,1.16,6.5,10.0,0.77252198716425,0.13786546232469693,0.089612550511053,HOME,0.77252198716425,1.16,2,1,Real Madrid,SELECTED PARTICIPANT +0.5,PASS,-1
2006-04-29,SP1,Barcelona,Cadiz,1.2,5.5,17.0,0.7759336099585062,0.16929460580912864,0.054771784232365145,HOME,0.7759336099585062,1.2,1,0,Barcelona,SELECTED PARTICIPANT +0.5,PASS,-1
2006-04-30,I1,Lazio,Lecce,1.2,5.5,17.0,0.7759336099585062,0.16929460580912864,0.054771784232365145,HOME,0.7759336099585062,1.2,1,0,Lazio,SELECTED PARTICIPANT +0.5,PASS,-1
2006-05-01,E0,Man United,Middlesbrough,1.25,5.5,10.0,0.7394957983193277,0.1680672268907563,0.09243697478991596,HOME,0.7394957983193277,1.25,0,0,Man United,SELECTED PARTICIPANT +0.5,PASS,0
2006-05-02,SC0,Hibernian,Rangers,9.0,4.33,1.36,0.10313351594079034,0.21436527562750882,0.6825012084317008,AWAY,0.6825012084317008,1.36,1,2,Rangers,SELECTED PARTICIPANT +0.5,PASS,-1
2006-05-03,SC0,Celtic,Kilmarnock,1.22,5.0,10.0,0.7320644216691069,0.17862371888726208,0.08931185944363104,HOME,0.7320644216691069,1.22,2,0,Celtic,SELECTED PARTICIPANT +0.5,PASS,-2
2006-05-05,B1,Anderlecht,Waregem,1.12,6.5,13.0,0.7946210268948656,0.136919315403423,0.0684596577017115,HOME,0.7946210268948656,1.12,3,0,Anderlecht,SELECTED PARTICIPANT +0.5,PASS,-3
2006-05-06,D1,Werder Bremen,FC Koln,1.22,5.5,13.0,0.7600722865950887,0.1685978526629106,0.07132986074200064,HOME,0.7600722865950887,1.22,6,0,Werder Bremen,SELECTED PARTICIPANT +0.5,PASS,-6
2006-05-07,I1,Roma,Treviso,1.1,8.0,26.0,0.8475957620211897,0.11654441727791359,0.035859820700896494,HOME,0.8475957620211897,1.1,1,0,Roma,SELECTED PARTICIPANT +0.5,PASS,-1
2006-05-13,SP1,Espanol,Sociedad,1.44,4.0,6.0,0.625,0.22499999999999998,0.15,HOME,0.625,1.44,1,0,Espanol,SELECTED PARTICIPANT +0.5,PASS,-1
2006-05-14,I1,Reggina,Juventus,15.0,5.0,1.18,0.05983772819472616,0.17951318458417848,0.7606490872210954,AWAY,0.7606490872210954,1.18,0,2,Juventus,SELECTED PARTICIPANT +0.5,PASS,-2
