date,league_code,league,HomeTeam,AwayTeam,B365H,B365D,B365A,p_home_novig,FTHG,FTAG,settlement_available,pass_plus1_5,loss_margin
2008-08-10,SC0,Scotland Premiership,Celtic,St Mirren,1.17,6.5,17.0,0.8007536504945832,1,0,True,True,0
2008-08-16,E0,England Premier League,Arsenal,West Brom,1.2,6.5,15.0,0.7907542579075426,1,0,True,True,0
2008-08-23,SC0,Scotland Premiership,Celtic,Falkirk,1.2,6.5,13.0,0.783132530120482,3,0,True,True,0
2008-09-13,N1,Netherlands Eredivisie,PSV Eindhoven,Sparta,1.14,6.5,13.0,0.7917174177831914,1,0,True,True,0
2008-09-14,SP1,Spain La Liga,Real Madrid,Numancia,1.25,5.5,12.0,0.7510668563300142,4,3,True,True,0
2008-09-20,E0,England Premier League,Liverpool,Stoke,1.2,6.5,15.0,0.7907542579075426,0,0,True,True,0
2008-09-24,I1,Italy Serie A,Inter,Lecce,1.17,6.5,19.0,0.8054260279779569,1,0,True,True,0
2008-09-26,P1,Portugal Primeira Liga,Porto,Pacos Ferreira,1.17,6.5,23.0,0.8124337689862241,2,0,True,True,0
2008-09-27,N1,Netherlands Eredivisie,PSV Eindhoven,Volendam,1.14,7.5,17.0,0.820304960432349,1,0,True,True,0
2008-09-28,N1,Netherlands Eredivisie,Ajax,Vitesse,1.22,6.0,12.0,0.7662835249042146,3,0,True,True,0
2008-10-04,N1,Netherlands Eredivisie,PSV Eindhoven,Graafschap,1.17,6.5,12.0,0.782778864970646,3,0,True,True,0
2008-10-18,E0,England Premier League,Man United,West Brom,1.2,6.5,15.0,0.7907542579075426,4,0,True,True,0
2008-10-25,N1,Netherlands Eredivisie,AZ Alkmaar,Volendam,1.14,7.5,18.0,0.8228195282501372,3,0,True,True,0
2008-10-29,E0,England Premier League,Man United,West Ham,1.2,6.0,19.0,0.7916666666666667,2,0,True,True,0
2008-11-01,E0,England Premier League,Chelsea,Sunderland,1.17,6.5,21.0,0.8092485549132948,5,0,True,True,0
2008-11-08,SP1,Spain La Liga,Barcelona,Valladolid,1.17,6.5,18.0,0.8032128514056226,6,0,True,True,0
2008-11-09,N1,Netherlands Eredivisie,Ajax,Sparta,1.17,7.5,13.0,0.8025682182985554,5,2,True,True,0
2008-11-12,SC0,Scotland Premiership,Celtic,Kilmarnock,1.2,6.0,15.0,0.78125,3,0,True,True,0
2008-11-15,E0,England Premier League,Man United,Stoke,1.14,7.5,23.0,0.832247792734115,5,0,True,True,0
2008-11-16,I1,Italy Serie A,Milan,Chievo,1.22,5.5,15.0,0.7673704771649149,1,0,True,True,0
2008-11-22,D1,Germany Bundesliga,Bayern Munich,Cottbus,1.17,7.0,15.0,0.8031206975676917,4,1,True,True,0
2008-11-23,SP1,Spain La Liga,Barcelona,Getafe,1.18,7.0,15.0,0.8017715332926084,1,1,True,True,0
2008-11-29,SC0,Scotland Premiership,Celtic,Inverness C,1.2,6.0,13.0,0.7738095238095238,1,0,True,True,0
2008-12-06,E0,England Premier League,Man United,Sunderland,1.14,7.5,23.0,0.832247792734115,1,0,True,True,0
2008-12-14,I1,Italy Serie A,Inter,Chievo,1.17,6.5,19.0,0.8054260279779569,4,2,True,True,0
2008-12-26,E0,England Premier League,Chelsea,West Brom,1.14,7.5,21.0,0.8289909995262909,2,0,True,True,0
2008-12-28,N1,Netherlands Eredivisie,Ajax,Den Haag,1.2,5.75,11.0,0.7588482303539292,3,0,True,True,0
2008-12-29,E0,England Premier League,Man United,Middlesbrough,1.2,6.5,19.0,0.8014276443867618,1,0,True,True,0
2009-01-03,SP1,Spain La Liga,Barcelona,Mallorca,1.18,6.5,15.0,0.7935216082037927,3,1,True,True,0
2009-01-10,I1,Italy Serie A,Inter,Cagliari,1.25,5.5,12.0,0.7510668563300142,1,1,True,True,0
2009-01-11,P1,Portugal Primeira Liga,Porto,Trofense,1.17,6.5,12.0,0.782778864970646,0,0,True,True,0
2009-01-14,E0,England Premier League,Man United,Wigan,1.2,6.0,15.0,0.78125,1,0,True,True,0
2009-01-17,E0,England Premier League,Chelsea,Stoke,1.2,6.5,15.0,0.7907542579075426,2,1,True,True,0
2009-01-18,SP1,Spain La Liga,Real Madrid,Osasuna,1.25,5.5,12.0,0.7510668563300142,3,1,True,True,0
2009-01-24,SP1,Spain La Liga,Barcelona,Numancia,1.14,7.5,18.0,0.8228195282501372,4,1,True,True,0
2009-01-28,E0,England Premier League,Chelsea,Middlesbrough,1.25,6.0,15.0,0.7741935483870968,2,0,True,True,0
2009-01-31,B1,Belgium First Division A,Standard,Roeselare,1.2,5.5,11.0,0.7534246575342467,3,0,True,True,0
2009-02-01,I1,Italy Serie A,Inter,Torino,1.22,6.0,13.0,0.7709033405811425,1,1,True,True,0
2009-02-03,N1,Netherlands Eredivisie,Ajax,Heracles,1.17,6.5,15.0,0.7949125596184421,2,2,True,True,0
2009-02-05,N1,Netherlands Eredivisie,PSV Eindhoven,Den Haag,1.17,6.5,12.0,0.782778864970646,6,0,True,True,0
2009-02-07,E0,England Premier League,Chelsea,Hull,1.2,6.0,19.0,0.7916666666666667,0,0,True,True,0
2009-02-08,SP1,Spain La Liga,Barcelona,Sp Gijon,1.16,6.5,17.0,0.8021196283391405,3,1,True,True,0
2009-02-14,N1,Netherlands Eredivisie,Twente,Volendam,1.16,6.0,15.0,0.7869884575026234,2,1,True,True,0
2009-02-15,P1,Portugal Primeira Liga,Porto,Rio Ave,1.16,6.0,15.0,0.7869884575026234,3,1,True,True,0
2009-02-18,E0,England Premier League,Man United,Fulham,1.25,5.5,13.0,0.7556142668428005,3,0,True,True,0
2009-02-21,SC0,Scotland Premiership,Rangers,Kilmarnock,1.2,6.5,13.0,0.783132530120482,3,1,True,True,0
2009-02-22,N1,Netherlands Eredivisie,Ajax,Volendam,1.18,6.0,12.0,0.7722007722007723,2,1,True,True,0
2009-02-28,SC0,Scotland Premiership,Celtic,St Mirren,1.22,6.0,15.0,0.7784120394395433,7,0,True,True,0
2009-03-04,SC0,Scotland Premiership,Rangers,Inverness C,1.16,7.0,15.0,0.8044744100520993,0,1,True,True,1
2009-03-15,N1,Netherlands Eredivisie,Ajax,Graafschap,1.14,6.5,13.0,0.7917174177831914,3,0,True,True,0
2009-03-21,D1,Germany Bundesliga,Bayern Munich,Karlsruhe,1.14,7.5,17.0,0.820304960432349,1,0,True,True,0
2009-03-22,I1,Italy Serie A,Inter,Reggina,1.2,6.0,15.0,0.78125,3,0,True,True,0
2009-04-04,N1,Netherlands Eredivisie,AZ Alkmaar,Den Haag,1.16,6.5,12.0,0.7842348682887593,4,1,True,True,0
2009-04-08,SC0,Scotland Premiership,Celtic,Falkirk,1.16,6.5,17.0,0.8021196283391405,4,0,True,True,0
2009-04-11,SP1,Spain La Liga,Barcelona,Recreativo,1.14,7.5,17.0,0.820304960432349,2,0,True,True,0
2009-04-12,N1,Netherlands Eredivisie,Ajax,Willem II,1.2,5.5,13.0,0.7630736392742797,7,0,True,True,0
2009-04-18,N1,Netherlands Eredivisie,AZ Alkmaar,Vitesse,1.2,5.75,11.0,0.7588482303539292,1,2,True,True,1
2009-04-21,SP1,Spain La Liga,Real Madrid,Getafe,1.25,5.5,12.0,0.7510668563300142,3,2,True,True,0
2009-04-22,E0,England Premier League,Man United,Portsmouth,1.25,5.5,13.0,0.7556142668428005,2,0,True,True,0
2009-04-25,B1,Belgium First Division A,Anderlecht,Dender,1.14,6.0,15.0,0.7898894154818326,4,0,True,True,0
2009-04-26,P1,Portugal Primeira Liga,Porto,Setubal,1.2,5.5,13.0,0.7630736392742797,2,0,True,True,0
2009-05-03,E0,England Premier League,Liverpool,Newcastle,1.25,5.5,13.0,0.7556142668428005,3,0,True,True,0
2009-05-09,B1,Belgium First Division A,Anderlecht,Roeselare,1.14,7.5,19.0,0.8250825082508252,3,1,True,True,0
2009-05-16,F1,France Ligue 1,Bordeaux,Le Mans,1.25,5.75,11.0,0.7512991833704529,3,2,True,True,0
2009-05-17,I1,Italy Serie A,Inter,Siena,1.2,6.0,15.0,0.78125,3,0,True,True,0
2009-05-23,F1,France Ligue 1,Bordeaux,Monaco,1.25,5.5,13.0,0.7556142668428005,1,0,True,True,0
2009-05-24,SC0,Scotland Premiership,Celtic,Hearts,1.22,6.5,11.0,0.7700592353257942,0,0,True,True,0
